date,close
2016-08-11,1342.500000
2016-08-12,1335.800049
2016-08-15,1340.300049
2016-08-16,1350.500000
2016-08-17,1342.699951
2016-08-18,1351.199951
2016-08-19,1340.400024
2016-08-22,1337.699951
2016-08-23,1340.599976
2016-08-24,1324.400024
2016-08-25,1320.099976
2016-08-26,1321.500000
2016-08-29,1322.900024
2016-08-30,1311.699951
2016-08-31,1306.900024
2016-09-01,1312.199951
2016-09-02,1322.099976
2016-09-06,1349.400024
2016-09-07,1344.300049
2016-09-08,1336.800049
2016-09-09,1330.099976
2016-09-12,1321.000000
2016-09-13,1319.000000
2016-09-14,1321.500000
2016-09-15,1313.500000
2016-09-16,1305.800049
2016-09-19,1313.500000
2016-09-20,1313.699951
2016-09-21,1326.900024
2016-09-22,1340.400024
2016-09-23,1337.199951
2016-09-26,1339.699951
2016-09-27,1325.900024
2016-09-28,1319.400024
2016-09-29,1321.699951
2016-09-30,1313.300049
2016-10-03,1309.000000
2016-10-04,1266.300049
2016-10-05,1265.199951
2016-10-06,1249.800049
2016-10-07,1248.900024
2016-10-11,1253.000000
2016-10-12,1251.099976
2016-10-13,1255.000000
2016-10-14,1253.099976
2016-10-17,1254.400024
2016-10-18,1260.800049
2016-10-19,1267.900024
2016-10-20,1265.599976
2016-10-21,1265.900024
2016-10-24,1262.000000
2016-10-25,1271.900024
2016-10-26,1264.800049
2016-10-27,1267.900024
2016-10-28,1275.500000
2016-10-31,1271.500000
2016-11-01,1286.400024
2016-11-02,1306.800049
2016-11-03,1302.099976
2016-11-04,1303.300049
2016-11-07,1278.300049
2016-11-08,1273.400024
2016-11-09,1272.599976
2016-11-10,1265.500000
2016-11-14,1221.199951
2016-11-15,1224.000000
2016-11-16,1223.400024
2016-11-17,1216.500000
2016-11-18,1208.500000
2016-11-21,1209.599976
2016-11-22,1211.000000
2016-11-23,1189.099976
2016-11-25,1178.199951
2016-11-28,1190.599976
2016-11-29,1187.900024
2016-11-30,1170.800049
2016-12-01,1166.900024
2016-12-02,1175.099976
2016-12-05,1174.000000
2016-12-06,1167.599976
2016-12-07,1175.000000
2016-12-08,1169.800049
2016-12-09,1159.400024
2016-12-12,1163.500000
2016-12-13,1156.699951
2016-12-14,1161.300049
2016-12-15,1127.800049
2016-12-16,1135.300049
2016-12-19,1140.500000
2016-12-20,1131.500000
2016-12-21,1131.099976
2016-12-22,1128.800049
2016-12-23,1131.900024
2016-12-27,1137.300049
2016-12-28,1139.400024
2016-12-29,1156.400024
2016-12-30,1150.000000
2017-01-03,1160.400024
2017-01-04,1163.800049
2017-01-05,1179.699951
2017-01-06,1171.900024
2017-01-09,1183.500000
2017-01-10,1184.199951
2017-01-11,1195.599976
2017-01-12,1198.900024
2017-01-13,1195.300049
2017-01-17,1212.000000
2017-01-18,1211.300049
2017-01-19,1200.900024
2017-01-20,1204.300049
2017-01-23,1215.000000
2017-01-24,1210.300049
2017-01-25,1197.300049
2017-01-26,1189.500000
2017-01-27,1188.099976
2017-01-30,1193.199951
2017-01-31,1208.599976
2017-02-01,1205.599976
2017-02-02,1216.699951
2017-02-03,1218.500000
2017-02-06,1230.000000
2017-02-07,1234.199951
2017-02-08,1237.599976
2017-02-09,1235.099976
2017-02-10,1234.400024
2017-02-13,1224.400024
2017-02-14,1223.900024
2017-02-15,1231.699951
2017-02-16,1240.000000
2017-02-17,1237.599976
2017-02-21,1237.500000
2017-02-22,1232.000000
2017-02-23,1250.199951
2017-02-24,1256.900024
2017-02-27,1257.400024
2017-02-28,1252.599976
2017-03-01,1248.900024
2017-03-02,1231.900024
2017-03-03,1225.500000
2017-03-06,1224.500000
2017-03-07,1215.099976
2017-03-08,1208.500000
2017-03-09,1202.400024
2017-03-10,1200.699951
2017-03-13,1202.400024
2017-03-14,1201.900024
2017-03-15,1200.099976
2017-03-16,1226.500000
2017-03-17,1229.800049
2017-03-20,1233.599976
2017-03-21,1246.099976
2017-03-22,1249.300049
2017-03-23,1246.900024
2017-03-24,1248.199951
2017-03-27,1255.400024
2017-03-28,1255.300049
2017-03-29,1253.400024
2017-03-30,1245.000000
2017-03-31,1247.300049
2017-04-03,1250.800049
2017-04-04,1255.000000
2017-04-05,1245.400024
2017-04-06,1250.300049
2017-04-07,1254.300049
2017-04-10,1251.099976
2017-04-11,1271.199951
2017-04-12,1275.300049
2017-04-13,1285.900024
2017-04-17,1289.400024
2017-04-18,1291.699951
2017-04-19,1281.400024
2017-04-20,1281.900024
2017-04-21,1287.400024
2017-04-24,1275.800049
2017-04-25,1265.599976
2017-04-26,1262.099976
2017-04-27,1263.699951
2017-04-28,1266.099976
2017-05-01,1253.300049
2017-05-02,1255.099976
2017-05-03,1246.400024
2017-05-04,1226.500000
2017-05-05,1224.800049
2017-05-08,1225.300049
2017-05-09,1214.300049
2017-05-10,1217.300049
2017-05-11,1222.699951
2017-05-12,1226.199951
2017-05-15,1228.599976
2017-05-16,1235.000000
2017-05-17,1257.500000
2017-05-18,1251.699951
2017-05-19,1252.699951
2017-05-22,1260.699951
2017-05-23,1254.800049
2017-05-24,1252.400024
2017-05-25,1255.800049
2017-05-26,1267.599976
2017-05-30,1262.099976
2017-05-31,1272.000000
2017-06-01,1267.000000
2017-06-02,1276.800049
2017-06-05,1279.300049
2017-06-06,1294.400024
2017-06-07,1290.099976
2017-06-08,1276.300049
2017-06-09,1268.500000
2017-06-12,1266.099976
2017-06-13,1265.800049
2017-06-14,1272.800049
2017-06-15,1252.199951
2017-06-16,1254.000000
2017-06-19,1244.199951
2017-06-20,1241.000000
2017-06-21,1243.400024
2017-06-22,1247.599976
2017-06-23,1256.199951
2017-06-26,1246.300049
2017-06-27,1246.400024
2017-06-28,1248.000000
2017-06-29,1244.199951
2017-06-30,1240.699951
2017-07-03,1217.900024
2017-07-05,1220.400024
2017-07-06,1222.199951
2017-07-07,1208.599976
2017-07-10,1212.099976
2017-07-11,1213.599976
2017-07-12,1218.099976
2017-07-13,1216.300049
2017-07-14,1226.599976
2017-07-17,1232.800049
2017-07-18,1241.099976
2017-07-19,1241.199951
2017-07-20,1244.800049
2017-07-21,1254.300049
2017-07-24,1253.900024
2017-07-25,1251.699951
2017-07-26,1249.000000
2017-07-27,1259.599976
2017-07-28,1268.400024
2017-07-31,1266.599976
2017-08-01,1272.599976
2017-08-02,1271.800049
2017-08-03,1267.800049
2017-08-04,1258.300049
2017-08-07,1258.199951
2017-08-08,1256.400024
2017-08-09,1273.000000
2017-08-10,1283.699951
2017-08-11,1287.699951
2017-08-14,1284.199951
2017-08-15,1273.699951
2017-08-16,1276.900024
2017-08-17,1286.400024
2017-08-18,1285.699951
2017-08-21,1290.800049
2017-08-22,1285.099976
2017-08-23,1288.900024
2017-08-24,1286.500000
2017-08-25,1292.500000
2017-08-28,1309.699951
2017-08-29,1313.099976
2017-08-30,1308.099976
2017-08-31,1316.199951
2017-09-01,1324.500000
2017-09-05,1339.199951
2017-09-06,1333.900024
2017-09-07,1345.099976
2017-09-08,1346.000000
2017-09-11,1331.000000
2017-09-12,1328.000000
2017-09-13,1323.400024
2017-09-14,1324.699951
2017-09-15,1320.400024
2017-09-18,1306.300049
2017-09-19,1306.199951
2017-09-20,1312.000000
2017-09-21,1290.599976
2017-09-22,1293.300049
2017-09-25,1306.800049
2017-09-26,1297.000000
2017-09-27,1283.400024
2017-09-28,1285.500000
2017-09-29,1281.500000
2017-10-02,1272.699951
2017-10-03,1271.500000
2017-10-04,1273.699951
2017-10-05,1269.900024
2017-10-06,1271.599976
2017-10-09,1281.800049
2017-10-10,1290.599976
2017-10-11,1285.800049
2017-10-12,1293.300049
2017-10-13,1301.500000
2017-10-16,1299.900024
2017-10-17,1283.000000
2017-10-18,1279.900024
2017-10-19,1286.900024
2017-10-20,1277.400024
2017-10-23,1277.699951
2017-10-24,1275.000000
2017-10-25,1275.400024
2017-10-26,1266.300049
2017-10-27,1268.500000
2017-10-30,1274.099976
2017-10-31,1267.000000
2017-11-01,1274.099976
2017-11-02,1274.900024
2017-11-03,1266.500000
2017-11-06,1279.400024
2017-11-07,1273.699951
2017-11-08,1281.599976
2017-11-09,1285.599976
2017-11-10,1272.400024
2017-11-13,1277.300049
2017-11-14,1281.500000
2017-11-15,1276.500000
2017-11-16,1277.400024
2017-11-17,1295.800049
2017-11-20,1274.599976
2017-11-21,1281.099976
2017-11-22,1291.599976
2017-11-24,1286.699951
2017-11-27,1293.800049
2017-11-28,1294.699951
2017-11-29,1282.099976
2017-11-30,1273.199951
2017-12-01,1278.800049
2017-12-04,1274.300049
2017-12-05,1261.599976
2017-12-06,1262.800049
2017-12-07,1249.800049
2017-12-08,1245.199951
2017-12-11,1243.699951
2017-12-12,1238.500000
2017-12-13,1245.400024
2017-12-14,1253.800049
2017-12-15,1254.300049
2017-12-18,1262.199951
2017-12-19,1260.699951
2017-12-20,1266.099976
2017-12-21,1267.300049
2017-12-22,1275.400024
2017-12-26,1284.099976
2017-12-27,1287.000000
2017-12-28,1294.099976
2017-12-29,1306.300049
2018-01-02,1313.699951
2018-01-03,1316.199951
2018-01-04,1319.400024
2018-01-05,1320.300049
2018-01-08,1318.599976
2018-01-09,1311.699951
2018-01-10,1317.400024
2018-01-11,1320.599976
2018-01-12,1333.400024
2018-01-16,1335.400024
2018-01-17,1338.000000
2018-01-18,1326.000000
2018-01-19,1331.900024
2018-01-22,1330.900024
2018-01-23,1335.699951
2018-01-24,1355.900024
2018-01-25,1362.400024
2018-01-26,1351.599976
2018-01-30,1335.400024
2018-01-31,1339.000000
2018-02-01,1344.300049
2018-02-02,1333.699951
2018-02-05,1333.000000
2018-02-06,1326.099976
2018-02-07,1311.599976
2018-02-08,1316.900024
2018-02-09,1313.099976
2018-02-12,1324.199951
2018-02-13,1328.099976
2018-02-14,1355.500000
2018-02-15,1352.099976
2018-02-16,1353.199951
2018-02-20,1328.800049
2018-02-21,1330.000000
2018-02-22,1330.599976
2018-02-23,1328.199951
2018-02-26,1330.699951
2018-02-27,1315.500000
2018-02-28,1315.500000
2018-03-01,1302.900024
2018-03-02,1321.099976
2018-03-05,1318.099976
2018-03-06,1333.599976
2018-03-07,1326.000000
2018-03-08,1319.900024
2018-03-09,1322.400024
2018-03-12,1319.400024
2018-03-13,1325.900024
2018-03-14,1324.400024
2018-03-15,1316.800049
2018-03-16,1311.300049
2018-03-19,1316.800049
2018-03-20,1311.099976
2018-03-21,1320.699951
2018-03-22,1326.599976
2018-03-23,1349.300049
2018-03-26,1354.400024
2018-03-27,1341.300049
2018-03-28,1324.199951
2018-03-29,1322.800049
2018-04-02,1342.099976
2018-04-03,1332.800049
2018-04-04,1335.800049
2018-04-05,1324.300049
2018-04-06,1331.900024
2018-04-09,1336.300049
2018-04-10,1342.000000
2018-04-11,1356.500000
2018-04-12,1338.400024
2018-04-13,1344.800049
2018-04-16,1347.500000
2018-04-17,1347.199951
2018-04-18,1351.199951
2018-04-19,1346.800049
2018-04-20,1336.699951
2018-04-23,1322.500000
2018-04-24,1331.400024
2018-04-25,1321.199951
2018-04-26,1316.300049
2018-04-27,1320.300049
2018-04-30,1316.199951
2018-05-01,1303.800049
2018-05-02,1302.599976
2018-05-03,1310.699951
2018-05-04,1312.699951
2018-05-07,1312.199951
2018-05-08,1312.000000
2018-05-09,1311.300049
2018-05-10,1320.800049
2018-05-11,1319.000000
2018-05-14,1316.500000
2018-05-15,1288.900024
2018-05-16,1290.199951
2018-05-17,1288.199951
2018-05-18,1290.199951
2018-05-21,1290.199951
2018-05-22,1291.699951
2018-05-23,1289.300049
2018-05-24,1303.699951
2018-05-25,1303.300049
2018-05-29,1298.699951
2018-05-30,1301.500000
2018-05-31,1300.099976
2018-06-01,1294.800049
2018-06-04,1293.099976
2018-06-05,1297.500000
2018-06-06,1297.099976
2018-06-07,1298.699951
2018-06-08,1298.099976
2018-06-11,1298.900024
2018-06-12,1295.099976
2018-06-13,1296.900024
2018-06-14,1304.000000
2018-06-15,1274.599976
2018-06-18,1276.199951
2018-06-19,1275.599976
2018-06-20,1271.199951
2018-06-21,1267.199951
2018-06-22,1267.400024
2018-06-25,1265.599976
2018-06-26,1256.599976
2018-06-27,1252.800049
2018-06-28,1247.800049
2018-06-29,1251.300049
2018-07-02,1239.800049
2018-07-03,1251.599976
2018-07-05,1257.300049
2018-07-06,1254.300049
2018-07-09,1258.099976
2018-07-10,1253.800049
2018-07-11,1242.800049
2018-07-12,1245.000000
2018-07-13,1239.599976
2018-07-16,1238.099976
2018-07-17,1225.699951
2018-07-18,1226.300049
2018-07-19,1222.400024
2018-07-20,1229.500000
2018-07-23,1224.000000
2018-07-24,1223.900024
2018-07-25,1231.400024
2018-07-26,1225.300049
2018-07-27,1222.599976
2018-07-30,1221.300049
2018-07-31,1223.699951
2018-08-01,1217.900024
2018-08-02,1210.599976
2018-08-03,1214.199951
2018-08-06,1208.599976
2018-08-07,1209.599976
2018-08-08,1212.599976
2018-08-09,1211.900024
2018-08-10,1211.099976
2018-08-13,1191.300049
2018-08-14,1193.000000
2018-08-15,1177.500000
2018-08-16,1176.199951
2018-08-17,1176.500000
2018-08-20,1186.800049
2018-08-21,1192.599976
2018-08-22,1196.300049
2018-08-23,1187.000000
2018-08-24,1206.300049
2018-08-27,1209.000000
2018-08-28,1207.400024
2018-08-29,1204.500000
2018-08-30,1197.699951
2018-08-31,1200.300049
2018-09-04,1192.699951
2018-09-05,1194.900024
2018-09-06,1197.900024
2018-09-07,1193.599976
2018-09-10,1193.000000
2018-09-11,1195.400024
2018-09-12,1204.699951
2018-09-13,1202.000000
2018-09-14,1195.000000
2018-09-17,1199.699951
2018-09-18,1196.800049
2018-09-19,1202.199951
2018-09-20,1206.199951
2018-09-21,1196.199951
2018-09-24,1199.300049
2018-09-25,1200.000000
2018-09-26,1194.000000
2018-09-27,1182.300049
2018-09-28,1191.500000
2018-10-01,1187.099976
2018-10-02,1202.400024
2018-10-03,1198.300049
2018-10-04,1197.199951
2018-10-05,1201.199951
2018-10-08,1184.400024
2018-10-09,1187.199951
2018-10-10,1189.300049
2018-10-11,1223.500000
2018-10-12,1218.099976
2018-10-15,1226.400024
2018-10-16,1227.300049
2018-10-17,1223.699951
2018-10-18,1226.500000
2018-10-19,1225.300049
2018-10-22,1221.199951
2018-10-23,1233.400024
2018-10-24,1227.800049
2018-10-25,1229.099976
2018-10-26,1232.500000
2018-10-29,1224.500000
2018-10-30,1222.599976
2018-10-31,1212.300049
2018-11-01,1236.000000
2018-11-02,1230.900024
2018-11-05,1229.800049
2018-11-06,1223.800049
2018-11-07,1226.199951
2018-11-08,1222.900024
2018-11-09,1206.400024
2018-11-12,1201.300049
2018-11-13,1199.199951
2018-11-14,1207.900024
2018-11-15,1212.800049
2018-11-16,1220.800049
2018-11-19,1223.099976
2018-11-20,1219.000000
2018-11-21,1225.800049
2018-11-23,1221.000000
2018-11-26,1220.199951
2018-11-27,1211.199951
2018-11-28,1221.400024
2018-11-29,1224.099976
2018-11-30,1220.199951
2018-12-03,1233.900024
2018-12-04,1241.099976
2018-12-06,1238.099976
2018-12-07,1246.800049
2018-12-10,1243.699951
2018-12-11,1241.900024
2018-12-12,1244.400024
2018-12-13,1242.699951
2018-12-14,1237.000000
2018-12-17,1247.400024
2018-12-18,1249.199951
2018-12-19,1252.099976
2018-12-20,1263.599976
2018-12-21,1253.800049
2018-12-24,1267.500000
2018-12-26,1269.199951
2018-12-27,1277.300049
2018-12-28,1279.900024
2018-12-31,1278.300049
2019-01-02,1281.000000
2019-01-03,1291.800049
2019-01-04,1282.699951
2019-01-07,1286.800049
2019-01-08,1283.199951
2019-01-09,1289.300049
2019-01-10,1284.699951
2019-01-11,1287.099976
2019-01-14,1289.099976
2019-01-15,1286.199951
2019-01-16,1291.599976
2019-01-17,1291.000000
2019-01-18,1281.300049
2019-01-22,1282.500000
2019-01-23,1283.099976
2019-01-24,1279.099976
2019-01-25,1297.400024
2019-01-28,1302.400024
2019-01-29,1308.199951
2019-01-30,1309.900024
2019-01-31,1319.699951
2019-02-01,1316.900024
2019-02-04,1314.300049
2019-02-05,1314.199951
2019-02-06,1309.500000
2019-02-07,1309.400024
2019-02-08,1313.699951
2019-02-11,1307.000000
2019-02-12,1309.199951
2019-02-13,1310.800049
2019-02-14,1309.800049
2019-02-15,1318.099976
2019-02-19,1340.099976
2019-02-20,1343.300049
2019-02-21,1323.500000
2019-02-22,1329.199951
2019-02-25,1325.900024
2019-02-26,1325.099976
2019-02-27,1317.699951
2019-02-28,1312.800049
2019-03-01,1296.400024
2019-03-04,1284.800049
2019-03-05,1282.000000
2019-03-06,1284.900024
2019-03-07,1283.800049
2019-03-08,1297.000000
2019-03-11,1288.800049
2019-03-12,1296.300049
2019-03-13,1307.500000
2019-03-14,1293.400024
2019-03-15,1301.800049
2019-03-18,1300.300049
2019-03-19,1305.000000
2019-03-20,1300.500000
2019-03-21,1306.099976
2019-03-22,1311.599976
2019-03-25,1321.900024
2019-03-26,1314.300049
2019-03-27,1309.900024
2019-03-28,1289.800049
2019-03-29,1293.000000
2019-04-01,1288.400024
2019-04-02,1290.000000
2019-04-03,1289.900024
2019-04-04,1289.000000
2019-04-05,1290.400024
2019-04-08,1297.099976
2019-04-09,1303.500000
2019-04-10,1309.099976
2019-04-11,1288.599976
2019-04-12,1290.599976
2019-04-15,1286.800049
2019-04-16,1272.599976
2019-04-17,1272.199951
2019-04-18,1271.900024
2019-04-22,1273.500000
2019-04-23,1269.300049
2019-04-24,1275.500000
2019-04-25,1275.800049
2019-04-26,1284.900024
2019-04-29,1278.599976
2019-04-30,1282.800049
2019-05-01,1281.400024
2019-05-02,1269.699951
2019-05-03,1279.199951
2019-05-06,1281.699951
2019-05-07,1283.500000
2019-05-08,1279.400024
2019-05-09,1283.500000
2019-05-10,1285.699951
2019-05-13,1300.099976
2019-05-14,1294.699951
2019-05-15,1296.300049
2019-05-16,1285.000000
2019-05-17,1274.500000
2019-05-20,1276.099976
2019-05-21,1272.000000
2019-05-22,1273.599976
2019-05-23,1284.800049
2019-05-24,1283.000000
2019-05-28,1276.500000
2019-05-29,1280.599976
2019-05-30,1287.099976
2019-05-31,1305.800049
2019-06-03,1322.699951
2019-06-04,1323.400024
2019-06-05,1328.300049
2019-06-06,1337.599976
2019-06-07,1341.199951
2019-06-10,1324.699951
2019-06-11,1326.400024
2019-06-12,1331.900024
2019-06-13,1339.199951
2019-06-14,1340.099976
2019-06-17,1338.699951
2019-06-18,1346.599976
2019-06-19,1344.599976
2019-06-20,1392.900024
2019-06-21,1396.199951
2019-06-24,1414.300049
2019-06-25,1414.900024
2019-06-26,1411.599976
2019-06-27,1408.400024
2019-06-28,1409.699951
2019-07-01,1385.599976
2019-07-02,1404.599976
2019-07-03,1417.699951
2019-07-05,1396.699951
2019-07-08,1397.000000
2019-07-09,1397.500000
2019-07-10,1410.099976
2019-07-11,1404.300049
2019-07-12,1409.900024
2019-07-15,1411.400024
2019-07-16,1409.199951
2019-07-17,1421.300049
2019-07-18,1426.099976
2019-07-19,1425.099976
2019-07-22,1425.300049
2019-07-23,1420.099976
2019-07-24,1422.800049
2019-07-25,1413.900024
2019-07-26,1418.500000
2019-07-29,1419.599976
2019-07-30,1429.699951
2019-07-31,1426.099976
2019-08-01,1420.900024
2019-08-02,1445.599976
2019-08-05,1464.599976
2019-08-06,1472.400024
2019-08-07,1507.300049
2019-08-08,1497.699951
2019-08-09,1496.599976
2019-08-12,1505.300049
2019-08-13,1502.199951
2019-08-14,1515.900024
2019-08-15,1519.599976
2019-08-16,1512.500000
2019-08-19,1500.400024
2019-08-20,1504.599976
2019-08-21,1504.599976
2019-08-22,1497.300049
2019-08-23,1526.599976
2019-08-26,1526.300049
2019-08-27,1541.000000
2019-08-28,1537.800049
2019-08-29,1526.500000
2019-08-30,1519.099976
2019-09-03,1545.900024
2019-09-04,1550.300049
2019-09-05,1515.400024
2019-09-06,1506.199951
2019-09-09,1502.199951
2019-09-10,1490.300049
2019-09-11,1494.400024
2019-09-12,1498.699951
2019-09-13,1490.900024
2019-09-16,1503.099976
2019-09-17,1505.099976
2019-09-18,1507.500000
2019-09-19,1498.400024
2019-09-20,1507.300049
2019-09-23,1523.699951
2019-09-24,1532.099976
2019-09-25,1504.599976
2019-09-26,1507.500000
2019-09-27,1499.099976
2019-09-30,1465.699951
2019-10-01,1482.000000
2019-10-02,1501.000000
2019-10-03,1507.099976
2019-10-04,1506.199951
2019-10-07,1497.699951
2019-10-08,1497.199951
2019-10-09,1506.099976
2019-10-10,1494.800049
2019-10-11,1482.699951
2019-10-14,1491.699951
2019-10-15,1477.599976
2019-10-16,1488.000000
2019-10-17,1492.300049
2019-10-18,1488.199951
2019-10-21,1482.400024
2019-10-22,1481.699951
2019-10-23,1489.900024
2019-10-24,1498.900024
2019-10-25,1499.500000
2019-10-28,1490.000000
2019-10-29,1487.000000
2019-10-30,1493.199951
2019-10-31,1511.400024
2019-11-01,1508.000000
2019-11-04,1508.000000
2019-11-05,1480.800049
2019-11-06,1490.199951
2019-11-07,1464.199951
2019-11-08,1461.300049
2019-11-11,1455.500000
2019-11-12,1452.099976
2019-11-13,1461.699951
2019-11-14,1471.800049
2019-11-15,1467.300049
2019-11-18,1470.900024
2019-11-19,1473.300049
2019-11-20,1473.300049
2019-11-21,1463.099976
2019-11-22,1463.099976
2019-11-25,1456.599976
2019-11-26,1459.800049
2019-11-27,1453.400024
2019-11-29,1465.599976
2019-12-02,1462.300049
2019-12-03,1478.199951
2019-12-04,1474.000000
2019-12-05,1476.900024
2019-12-06,1459.099976
2019-12-09,1459.300049
2019-12-10,1462.599976
2019-12-11,1469.400024
2019-12-12,1466.699951
2019-12-13,1475.599976
2019-12-16,1475.000000
2019-12-17,1474.599976
2019-12-18,1472.599976
2019-12-19,1478.199951
2019-12-20,1474.699951
2019-12-23,1482.500000
2019-12-24,1499.099976
2019-12-26,1509.300049
2019-12-27,1513.800049
2019-12-30,1514.500000
2019-12-31,1519.500000
2020-01-02,1524.500000
2020-01-03,1549.199951
2020-01-06,1566.199951
2020-01-07,1571.800049
2020-01-08,1557.400024
2020-01-09,1551.699951
2020-01-10,1557.500000
2020-01-13,1548.400024
2020-01-14,1542.400024
2020-01-15,1552.099976
2020-01-16,1549.000000
2020-01-17,1558.800049
2020-01-21,1556.400024
2020-01-22,1555.300049
2020-01-23,1564.599976
2020-01-24,1571.099976
2020-01-27,1576.800049
2020-01-28,1569.199951
2020-01-29,1569.800049
2020-01-30,1583.500000
2020-01-31,1582.900024
2020-02-03,1577.199951
2020-02-04,1550.400024
2020-02-05,1557.800049
2020-02-06,1565.099976
2020-02-07,1568.599976
2020-02-10,1574.699951
2020-02-11,1565.599976
2020-02-12,1567.400024
2020-02-13,1575.099976
2020-02-14,1582.699951
2020-02-18,1600.000000
2020-02-19,1607.500000
2020-02-20,1616.599976
2020-02-21,1644.599976
2020-02-24,1672.400024
2020-02-25,1646.900024
2020-02-26,1640.000000
2020-02-27,1640.000000
2020-02-28,1564.099976
2020-03-02,1592.300049
2020-03-03,1642.099976
2020-03-04,1641.099976
2020-03-05,1666.400024
2020-03-06,1670.800049
2020-03-09,1674.500000
2020-03-10,1659.099976
2020-03-11,1641.400024
2020-03-12,1589.300049
2020-03-13,1515.699951
2020-03-16,1485.900024
2020-03-17,1524.900024
2020-03-18,1477.300049
2020-03-19,1478.599976
2020-03-20,1484.000000
2020-03-23,1567.000000
2020-03-24,1660.199951
2020-03-25,1632.300049
2020-03-26,1650.099976
2020-03-27,1623.900024
2020-03-30,1622.000000
2020-03-31,1583.400024
2020-04-01,1578.199951
2020-04-02,1625.699951
2020-04-03,1633.699951
2020-04-06,1677.000000
2020-04-07,1664.800049
2020-04-08,1665.400024
2020-04-09,1736.199951
2020-04-13,1744.800049
2020-04-14,1756.699951
2020-04-15,1727.199951
2020-04-16,1720.400024
2020-04-17,1689.199951
2020-04-20,1701.599976
2020-04-21,1678.199951
2020-04-22,1728.699951
2020-04-23,1733.300049
2020-04-24,1723.500000
2020-04-27,1711.900024
2020-04-28,1710.500000
2020-04-29,1703.400024
2020-04-30,1684.199951
2020-05-01,1694.500000
2020-05-04,1706.900024
2020-05-05,1704.400024
2020-05-06,1684.199951
2020-05-07,1721.800049
2020-05-08,1709.900024
2020-05-11,1695.300049
2020-05-12,1704.400024
2020-05-13,1713.900024
2020-05-14,1738.099976
2020-05-15,1753.400024
2020-05-18,1731.800049
2020-05-19,1744.199951
2020-05-20,1750.599976
2020-05-21,1720.500000
2020-05-22,1734.599976
2020-05-26,1704.800049
2020-05-27,1710.300049
2020-05-28,1713.300049
2020-05-29,1736.900024
2020-06-01,1737.800049
2020-06-02,1725.199951
2020-06-03,1697.800049
2020-06-04,1718.900024
2020-06-05,1676.199951
2020-06-08,1698.300049
2020-06-09,1714.699951
2020-06-10,1713.300049
2020-06-11,1732.000000
2020-06-12,1729.300049
2020-06-15,1720.300049
2020-06-16,1729.599976
2020-06-17,1729.199951
2020-06-18,1724.800049
2020-06-19,1745.900024
2020-06-22,1756.699951
2020-06-23,1772.099976
2020-06-24,1765.800049
2020-06-25,1762.099976
2020-06-26,1772.500000
2020-06-29,1774.800049
2020-06-30,1793.000000
2020-07-01,1773.199951
2020-07-02,1784.000000
2020-07-06,1788.500000
2020-07-07,1804.199951
2020-07-08,1815.500000
2020-07-09,1799.199951
2020-07-10,1798.199951
2020-07-13,1811.000000
2020-07-14,1810.599976
2020-07-15,1811.400024
2020-07-16,1798.699951
2020-07-17,1808.300049
2020-07-20,1815.900024
2020-07-21,1842.400024
2020-07-22,1864.099976
2020-07-23,1889.099976
2020-07-24,1897.300049
2020-07-27,1931.000000
2020-07-28,1944.699951
2020-07-29,1953.500000
2020-07-30,1942.300049
2020-07-31,1962.800049
2020-08-03,1966.000000
2020-08-04,2001.199951
2020-08-05,2031.099976
2020-08-06,2051.500000
2020-08-07,2010.099976
2020-08-10,2024.400024
2020-08-11,1932.599976
2020-08-12,1934.900024
2020-08-13,1956.699951
2020-08-14,1937.000000
2020-08-17,1985.000000
2020-08-18,1999.400024
2020-08-19,1958.699951
2020-08-20,1933.800049
2020-08-21,1934.599976
2020-08-24,1927.699951
2020-08-25,1911.800049
2020-08-26,1940.699951
2020-08-27,1921.599976
2020-08-28,1964.599976
2020-08-31,1967.599976
2020-09-01,1968.199951
2020-09-02,1934.400024
2020-09-03,1927.599976
2020-09-04,1923.900024
2020-09-08,1933.000000
2020-09-09,1944.699951
2020-09-10,1954.199951
2020-09-11,1937.800049
2020-09-14,1953.099976
2020-09-15,1956.300049
2020-09-16,1960.199951
2020-09-17,1940.000000
2020-09-18,1952.099976
2020-09-21,1901.199951
2020-09-22,1898.599976
2020-09-23,1859.900024
2020-09-24,1868.300049
2020-09-25,1857.699951
2020-09-28,1872.800049
2020-09-29,1894.300049
2020-09-30,1887.500000
2020-10-01,1908.400024
2020-10-02,1900.199951
2020-10-05,1912.500000
2020-10-06,1901.099976
2020-10-07,1883.599976
2020-10-08,1888.599976
2020-10-09,1919.500000
2020-10-12,1922.500000
2020-10-13,1888.500000
2020-10-14,1901.300049
2020-10-15,1903.199951
2020-10-16,1900.800049
2020-10-19,1906.400024
2020-10-20,1910.400024
2020-10-21,1924.599976
2020-10-22,1901.099976
2020-10-23,1902.000000
2020-10-26,1902.699951
2020-10-27,1908.800049
2020-10-28,1876.199951
2020-10-29,1865.599976
2020-10-30,1877.400024
2020-11-02,1890.400024
2020-11-03,1908.500000
2020-11-04,1894.599976
2020-11-05,1945.300049
2020-11-06,1950.300049
2020-11-09,1853.199951
2020-11-10,1875.400024
2020-11-11,1860.699951
2020-11-12,1872.599976
2020-11-13,1885.699951
2020-11-16,1887.300049
2020-11-17,1884.500000
2020-11-18,1873.500000
2020-11-19,1861.099976
2020-11-20,1872.599976
2020-11-23,1837.800049
2020-11-24,1804.800049
2020-11-25,1805.699951
2020-11-27,1781.900024
2020-11-30,1775.699951
2020-12-01,1814.099976
2020-12-02,1825.699951
2020-12-03,1836.800049
2020-12-04,1835.900024
2020-12-07,1861.800049
2020-12-08,1870.800049
2020-12-09,1834.599976
2020-12-10,1833.599976
2020-12-11,1839.800049
2020-12-14,1828.699951
2020-12-15,1852.300049
2020-12-16,1856.099976
2020-12-17,1887.199951
2020-12-18,1885.699951
2020-12-21,1879.199951
2020-12-22,1866.599976
2020-12-23,1874.699951
2020-12-24,1879.900024
2020-12-28,1877.199951
2020-12-29,1879.699951
2020-12-30,1891.000000
2020-12-31,1893.099976
2021-01-04,1944.699951
2021-01-05,1952.699951
2021-01-06,1906.900024
2021-01-07,1912.300049
2021-01-08,1834.099976
2021-01-11,1849.599976
2021-01-12,1842.900024
2021-01-13,1853.599976
2021-01-14,1850.300049
2021-01-15,1829.300049
2021-01-19,1839.500000
2021-01-20,1865.900024
2021-01-21,1865.300049
2021-01-22,1855.699951
2021-01-25,1854.900024
2021-01-26,1850.699951
2021-01-27,1844.900024
2021-01-28,1837.900024
2021-01-29,1847.300049
2021-02-01,1860.800049
2021-02-02,1830.500000
2021-02-03,1832.199951
2021-02-04,1788.900024
2021-02-05,1810.900024
2021-02-08,1831.900024
2021-02-09,1835.300049
2021-02-10,1840.599976
2021-02-11,1824.900024
2021-02-12,1821.599976
2021-02-16,1797.199951
2021-02-17,1771.099976
2021-02-18,1773.400024
2021-02-19,1775.800049
2021-02-22,1806.699951
2021-02-23,1804.400024
2021-02-24,1796.400024
2021-02-25,1774.400024
2021-02-26,1728.099976
2021-03-01,1722.500000
2021-03-02,1733.099976
2021-03-03,1715.300049
2021-03-04,1700.199951
2021-03-05,1698.000000
2021-03-08,1677.699951
2021-03-09,1716.599976
2021-03-10,1721.500000
2021-03-11,1722.300049
2021-03-12,1719.500000
2021-03-15,1728.900024
2021-03-16,1730.599976
2021-03-17,1726.800049
2021-03-18,1732.199951
2021-03-19,1741.400024
2021-03-22,1737.800049
2021-03-23,1724.699951
2021-03-24,1732.900024
2021-03-25,1724.900024
2021-03-26,1732.199951
2021-03-29,1712.099976
2021-03-30,1683.900024
2021-03-31,1713.800049
2021-04-01,1726.500000
2021-04-05,1727.000000
2021-04-06,1741.500000
2021-04-07,1740.099976
2021-04-08,1756.800049
2021-04-09,1743.300049
2021-04-12,1731.199951
2021-04-13,1746.199951
2021-04-14,1734.900024
2021-04-15,1765.400024
2021-04-16,1779.000000
2021-04-19,1769.400024
2021-04-20,1777.300049
2021-04-21,1792.300049
2021-04-22,1781.199951
2021-04-23,1777.000000
2021-04-26,1779.199951
2021-04-27,1778.000000
2021-04-28,1773.199951
2021-04-29,1768.099976
2021-04-30,1767.300049
2021-05-03,1791.400024
2021-05-04,1775.800049
2021-05-05,1784.099976
2021-05-06,1815.500000
2021-05-07,1831.099976
2021-05-10,1837.500000
2021-05-11,1835.900024
2021-05-12,1822.599976
2021-05-13,1823.800049
2021-05-14,1837.900024
2021-05-17,1867.500000
2021-05-18,1867.800049
2021-05-19,1881.300049
2021-05-20,1881.800049
2021-05-21,1876.699951
2021-05-24,1884.599976
2021-05-25,1898.099976
2021-05-26,1901.300049
2021-05-27,1895.699951
2021-05-28,1902.500000
2021-06-01,1902.900024
2021-06-02,1907.500000
2021-06-03,1871.199951
2021-06-04,1889.800049
2021-06-07,1896.800049
2021-06-08,1892.199951
2021-06-09,1893.199951
2021-06-10,1894.199951
2021-06-11,1877.400024
2021-06-14,1864.000000
2021-06-15,1854.500000
2021-06-16,1859.500000
2021-06-17,1773.800049
2021-06-18,1767.900024
2021-06-21,1781.800049
2021-06-22,1776.300049
2021-06-23,1782.300049
2021-06-24,1775.599976
2021-06-25,1776.599976
2021-06-28,1779.599976
2021-06-29,1762.800049
2021-06-30,1770.800049
2021-07-01,1775.900024
2021-07-02,1782.599976
2021-07-06,1793.500000
2021-07-07,1801.500000
2021-07-08,1799.599976
2021-07-09,1810.000000
2021-07-12,1805.500000
2021-07-13,1809.400024
2021-07-14,1824.300049
2021-07-15,1828.400024
2021-07-16,1814.500000
2021-07-19,1808.699951
2021-07-20,1810.900024
2021-07-21,1802.900024
2021-07-22,1805.000000
2021-07-23,1801.400024
2021-07-26,1798.699951
2021-07-27,1799.500000
2021-07-28,1799.500000
2021-07-29,1831.199951
2021-07-30,1812.599976
2021-08-02,1818.099976
2021-08-03,1810.099976
2021-08-04,1810.500000
2021-08-05,1805.099976
2021-08-06,1760.000000
2021-08-09,1723.400024
2021-08-10,1728.800049
2021-08-11,1750.400024
2021-08-12,1749.000000
2021-08-13,1775.199951
2021-08-16,1786.900024
2021-08-17,1785.000000
2021-08-18,1781.599976
2021-08-19,1780.199951
2021-08-20,1781.000000
2021-08-23,1803.199951
2021-08-24,1805.599976
2021-08-25,1788.199951
2021-08-26,1792.199951
2021-08-27,1816.599976
2021-08-30,1809.000000
2021-08-31,1815.000000
2021-09-01,1813.099976
2021-09-02,1808.699951
2021-09-03,1830.900024
2021-09-07,1795.900024
2021-09-08,1790.699951
2021-09-09,1797.400024
2021-09-10,1789.599976
2021-09-13,1792.000000
2021-09-14,1804.699951
2021-09-15,1792.400024
2021-09-16,1754.599976
2021-09-17,1749.400024
2021-09-20,1761.800049
2021-09-21,1776.000000
2021-09-22,1776.699951
2021-09-23,1747.699951
2021-09-24,1749.699951
2021-09-27,1750.000000
2021-09-28,1735.800049
2021-09-29,1721.500000
2021-09-30,1755.300049
2021-10-01,1757.000000
2021-10-04,1766.199951
2021-10-05,1759.599976
2021-10-06,1760.500000
2021-10-07,1757.900024
2021-10-08,1756.300049
2021-10-11,1754.599976
2021-10-12,1758.300049
2021-10-13,1793.699951
2021-10-14,1796.699951
2021-10-15,1767.199951
2021-10-18,1764.800049
2021-10-19,1769.699951
2021-10-20,1784.099976
2021-10-21,1781.199951
2021-10-22,1795.500000
2021-10-25,1806.000000
2021-10-26,1792.699951
2021-10-27,1797.900024
2021-10-28,1801.599976
2021-10-29,1783.000000
2021-11-01,1795.099976
2021-11-02,1788.699951
2021-11-03,1763.599976
2021-11-04,1793.000000
2021-11-05,1816.400024
2021-11-08,1827.400024
2021-11-09,1830.199951
2021-11-10,1847.599976
2021-11-11,1863.199951
2021-11-12,1867.900024
2021-11-15,1866.099976
2021-11-16,1853.599976
2021-11-17,1869.699951
2021-11-18,1861.000000
2021-11-19,1851.199951
2021-11-22,1806.000000
2021-11-23,1783.500000
2021-11-24,1784.099976
2021-11-26,1785.300049
2021-11-29,1782.300049
2021-11-30,1773.599976
2021-12-01,1781.599976
2021-12-02,1760.699951
2021-12-03,1782.000000
2021-12-06,1777.500000
2021-12-07,1782.599976
2021-12-08,1783.400024
2021-12-09,1774.599976
2021-12-10,1782.900024
2021-12-13,1786.300049
2021-12-14,1770.400024
2021-12-15,1762.599976
2021-12-16,1796.599976
2021-12-17,1803.800049
2021-12-20,1793.699951
2021-12-21,1787.900024
2021-12-22,1801.599976
2021-12-23,1811.199951
2021-12-27,1808.099976
2021-12-28,1810.199951
2021-12-29,1805.099976
2021-12-30,1812.699951
2021-12-31,1827.500000
2022-01-03,1799.400024
2022-01-04,1814.000000
2022-01-05,1824.599976
2022-01-06,1788.699951
2022-01-07,1797.000000
2022-01-10,1798.400024
2022-01-11,1818.599976
2022-01-12,1827.199951
2022-01-13,1821.199951
2022-01-14,1816.500000
2022-01-18,1812.300049
2022-01-19,1843.099976
2022-01-20,1842.500000
2022-01-21,1831.800049
2022-01-24,1841.699951
2022-01-25,1852.699951
2022-01-26,1829.900024
2022-01-27,1793.300049
2022-01-28,1784.900024
2022-01-31,1795.000000
2022-02-01,1800.300049
2022-02-02,1809.199951
2022-02-03,1803.000000
2022-02-04,1806.599976
2022-02-07,1820.599976
2022-02-08,1826.599976
2022-02-09,1835.199951
2022-02-10,1836.199951
2022-02-11,1840.800049
2022-02-14,1868.000000
2022-02-15,1854.800049
2022-02-16,1870.199951
2022-02-17,1900.699951
2022-02-18,1898.599976
2022-02-22,1906.099976
2022-02-23,1909.199951
2022-02-24,1925.099976
2022-02-25,1886.500000
2022-02-28,1899.400024
2022-03-01,1942.400024
2022-03-02,1920.900024
2022-03-03,1934.400024
2022-03-04,1965.099976
2022-03-07,1993.900024
2022-03-08,2040.099976
2022-03-09,1985.900024
2022-03-10,1998.099976
2022-03-11,1982.699951
2022-03-14,1959.599976
2022-03-15,1928.500000
2022-03-16,1908.000000
2022-03-17,1942.099976
2022-03-18,1928.199951
2022-03-21,1928.599976
2022-03-22,1920.699951
2022-03-23,1936.599976
2022-03-24,1961.599976
2022-03-25,1953.800049
2022-03-28,1939.599976
2022-03-29,1912.000000
2022-03-30,1933.500000
2022-03-31,1949.199951
2022-04-01,1919.099976
2022-04-04,1929.199951
2022-04-05,1922.900024
2022-04-06,1918.400024
2022-04-07,1933.800049
2022-04-08,1941.599976
2022-04-11,1944.300049
2022-04-12,1972.099976
2022-04-13,1981.000000
2022-04-14,1970.900024
2022-04-18,1982.900024
2022-04-19,1955.699951
2022-04-20,1952.300049
2022-04-21,1944.900024
2022-04-22,1931.000000
2022-04-25,1893.199951
2022-04-26,1901.400024
2022-04-27,1885.900024
2022-04-28,1888.699951
2022-04-29,1909.300049
2022-05-02,1861.800049
2022-05-03,1868.800049
2022-05-04,1867.000000
2022-05-05,1874.000000
2022-05-06,1881.199951
2022-05-09,1857.099976
2022-05-10,1839.900024
2022-05-11,1852.599976
2022-05-12,1823.800049
2022-05-13,1807.400024
2022-05-16,1813.500000
2022-05-17,1818.199951
2022-05-18,1815.900024
2022-05-19,1841.199951
2022-05-20,1841.800049
2022-05-23,1847.800049
2022-05-24,1865.099976
2022-05-25,1846.199951
2022-05-26,1847.400024
2022-05-27,1851.300049
2022-05-31,1842.699951
2022-06-01,1843.300049
2022-06-02,1866.500000
2022-06-03,1845.400024
2022-06-06,1839.199951
2022-06-07,1847.500000
2022-06-08,1851.900024
2022-06-09,1848.800049
2022-06-10,1871.500000
2022-06-13,1828.000000
2022-06-14,1809.500000
2022-06-15,1815.300049
2022-06-16,1845.699951
2022-06-17,1835.599976
2022-06-21,1834.599976
2022-06-22,1834.300049
2022-06-23,1825.699951
2022-06-24,1826.500000
2022-06-27,1820.900024
2022-06-28,1817.500000
2022-06-29,1813.699951
2022-06-30,1804.099976
2022-07-01,1798.900024
2022-07-05,1761.800049
2022-07-06,1734.900024
2022-07-07,1737.900024
2022-07-08,1740.599976
2022-07-11,1730.000000
2022-07-12,1723.300049
2022-07-13,1734.199951
2022-07-14,1704.500000
2022-07-15,1702.400024
2022-07-18,1709.199951
2022-07-19,1710.000000
2022-07-20,1699.500000
2022-07-21,1712.699951
2022-07-22,1727.099976
2022-07-25,1719.000000
2022-07-26,1717.699951
2022-07-27,1719.099976
2022-07-28,1750.300049
2022-07-29,1762.900024
2022-08-01,1769.000000
2022-08-02,1771.099976
2022-08-03,1758.000000
2022-08-04,1788.500000
2022-08-05,1772.900024
2022-08-08,1786.800049
2022-08-09,1794.000000
2022-08-10,1795.599976
2022-08-11,1789.699951
2022-08-12,1798.599976
2022-08-15,1781.400024
2022-08-16,1773.199951
2022-08-17,1760.300049
2022-08-18,1755.300049
2022-08-19,1747.599976
2022-08-22,1734.000000
2022-08-23,1746.800049
2022-08-24,1747.800049
2022-08-25,1757.699951
2022-08-26,1736.099976
2022-08-29,1736.599976
2022-08-30,1723.199951
2022-08-31,1712.800049
2022-09-01,1696.599976
2022-09-02,1709.800049
2022-09-06,1700.400024
2022-09-07,1715.300049
2022-09-08,1708.000000
2022-09-09,1716.199951
2022-09-12,1728.099976
2022-09-13,1705.000000
2022-09-14,1696.500000
2022-09-15,1665.400024
2022-09-16,1671.699951
2022-09-19,1666.199951
2022-09-20,1659.699951
2022-09-21,1664.599976
2022-09-22,1670.800049
2022-09-23,1645.300049
2022-09-26,1623.300049
2022-09-27,1626.699951
2022-09-28,1660.400024
2022-09-29,1658.500000
2022-09-30,1662.400024
2022-10-03,1692.900024
2022-10-04,1721.099976
2022-10-05,1711.400024
2022-10-06,1711.699951
2022-10-07,1700.500000
2022-10-10,1667.300049
2022-10-11,1678.699951
2022-10-12,1670.300049
2022-10-13,1670.000000
2022-10-14,1641.699951
2022-10-17,1657.000000
2022-10-18,1649.000000
2022-10-19,1627.500000
2022-10-20,1630.800049
2022-10-21,1651.000000
2022-10-24,1648.699951
2022-10-25,1652.800049
2022-10-26,1664.000000
2022-10-27,1660.699951
2022-10-28,1639.599976
2022-10-31,1635.900024
2022-11-01,1645.000000
2022-11-02,1645.699951
2022-11-03,1627.300049
2022-11-04,1672.500000
2022-11-07,1676.500000
2022-11-08,1712.099976
2022-11-09,1710.099976
2022-11-10,1750.300049
2022-11-11,1766.000000
2022-11-14,1773.599976
2022-11-15,1773.800049
2022-11-16,1773.000000
2022-11-17,1760.800049
2022-11-18,1751.900024
2022-11-21,1737.400024
2022-11-22,1738.300049
2022-11-23,1744.900024
2022-11-25,1753.300049
2022-11-28,1740.099976
2022-11-29,1748.400024
2022-11-30,1746.000000
2022-12-01,1801.099976
2022-12-02,1795.900024
2022-12-05,1767.400024
2022-12-06,1769.300049
2022-12-07,1785.500000
2022-12-08,1788.699951
2022-12-09,1798.099976
2022-12-12,1780.500000
2022-12-13,1813.900024
2022-12-14,1807.500000
2022-12-15,1777.199951
2022-12-16,1790.000000
2022-12-19,1787.699951
2022-12-20,1815.900024
2022-12-21,1815.900024
2022-12-22,1787.000000
2022-12-23,1795.900024
2022-12-27,1814.800049
2022-12-28,1807.900024
2022-12-29,1819.500000
2022-12-30,1819.699951
2023-01-03,1839.699951
2023-01-04,1852.800049
2023-01-05,1834.800049
2023-01-06,1864.199951
2023-01-09,1872.699951
2023-01-10,1871.599976
2023-01-11,1874.599976
2023-01-12,1895.500000
2023-01-13,1918.400024
2023-01-17,1907.199951
2023-01-18,1904.400024
2023-01-19,1922.099976
2023-01-20,1926.400024
2023-01-23,1927.099976
2023-01-24,1933.900024
2023-01-25,1941.199951
2023-01-26,1929.099976
2023-01-27,1928.599976
2023-01-30,1922.900024
2023-01-31,1929.500000
2023-02-01,1927.800049
2023-02-02,1916.300049
2023-02-03,1862.900024
2023-02-06,1866.199951
2023-02-07,1871.699951
2023-02-08,1877.400024
2023-02-09,1866.199951
2023-02-10,1862.800049
2023-02-13,1851.900024
2023-02-14,1854.000000
2023-02-15,1834.199951
2023-02-16,1842.000000
2023-02-17,1840.400024
2023-02-21,1833.000000
2023-02-22,1832.000000
2023-02-23,1818.000000
2023-02-24,1808.800049
2023-02-27,1817.000000
2023-02-28,1828.900024
2023-03-01,1837.699951
2023-03-02,1833.500000
2023-03-03,1847.699951
2023-03-06,1847.900024
2023-03-07,1813.900024
2023-03-08,1812.699951
2023-03-09,1829.300049
2023-03-10,1862.000000
2023-03-13,1911.699951
2023-03-14,1906.199951
2023-03-15,1926.599976
2023-03-16,1919.000000
2023-03-17,1969.800049
2023-03-20,1979.199951
2023-03-21,1938.000000
2023-03-22,1946.800049
2023-03-23,1993.800049
2023-03-24,1982.099976
2023-03-27,1952.400024
2023-03-28,1972.400024
2023-03-29,1966.099976
2023-03-30,1980.300049
2023-03-31,1969.000000
2023-04-03,1983.900024
2023-04-04,2022.199951
2023-04-05,2020.900024
2023-04-06,2011.900024
2023-04-10,1989.099976
2023-04-11,2004.800049
2023-04-12,2010.900024
2023-04-13,2041.300049
2023-04-14,2002.199951
2023-04-17,1994.199951
2023-04-18,2007.400024
2023-04-19,1995.199951
2023-04-20,2007.599976
2023-04-21,1979.500000
2023-04-24,1989.099976
2023-04-25,1994.000000
2023-04-26,1985.699951
2023-04-27,1989.900024
2023-04-28,1990.099976
2023-05-01,1983.400024
2023-05-02,2014.300049
2023-05-03,2028.599976
2023-05-04,2048.000000
2023-05-05,2017.400024
2023-05-08,2026.300049
2023-05-09,2036.199951
2023-05-10,2030.500000
2023-05-11,2014.699951
2023-05-12,2014.500000
2023-05-15,2018.000000
2023-05-16,1988.400024
2023-05-17,1980.699951
2023-05-18,1956.500000
2023-05-19,1978.699951
2023-05-22,1974.800049
2023-05-23,1972.400024
2023-05-24,1962.800049
2023-05-25,1943.099976
2023-05-26,1944.099976
2023-05-30,1958.000000
2023-05-31,1963.900024
2023-06-01,1978.000000
2023-06-02,1952.400024
2023-06-05,1958.000000
2023-06-06,1965.500000
2023-06-07,1942.699951
2023-06-08,1963.599976
2023-06-09,1962.199951
2023-06-12,1955.300049
2023-06-13,1944.599976
2023-06-14,1955.300049
2023-06-15,1957.800049
2023-06-16,1958.400024
2023-06-20,1935.500000
2023-06-21,1933.300049
2023-06-22,1912.699951
2023-06-23,1919.099976
2023-06-26,1923.699951
2023-06-27,1914.000000
2023-06-28,1912.300049
2023-06-29,1909.199951
2023-06-30,1921.099976
2023-07-03,1921.699951
2023-07-05,1919.599976
2023-07-06,1908.699951
2023-07-07,1926.199951
2023-07-10,1925.000000
2023-07-11,1931.300049
2023-07-12,1956.199951
2023-07-13,1959.199951
2023-07-14,1960.099976
2023-07-17,1952.400024
2023-07-18,1977.199951
2023-07-19,1977.500000
2023-07-20,1968.300049
2023-07-21,1964.300049
2023-07-24,1960.300049
2023-07-25,1962.099976
2023-07-26,1968.900024
2023-07-27,1945.400024
2023-07-28,1960.400024
2023-07-31,1970.500000
2023-08-01,1940.699951
2023-08-02,1937.400024
2023-08-03,1932.000000
2023-08-04,1939.599976
2023-08-07,1933.500000
2023-08-08,1924.099976
2023-08-09,1915.400024
2023-08-10,1914.400024
2023-08-11,1912.900024
2023-08-14,1910.599976
2023-08-15,1902.500000
2023-08-16,1896.099976
2023-08-17,1884.099976
2023-08-18,1886.099976
2023-08-21,1893.300049
2023-08-22,1896.400024
2023-08-23,1918.500000
2023-08-24,1918.199951
2023-08-25,1911.099976
2023-08-28,1917.900024
2023-08-29,1936.500000
2023-08-30,1944.300049
2023-08-31,1938.199951
2023-09-01,1939.800049
2023-09-05,1926.199951
2023-09-06,1918.099976
2023-09-07,1917.500000
2023-09-08,1918.400024
2023-09-11,1923.300049
2023-09-12,1911.300049
2023-09-13,1909.099976
2023-09-14,1910.000000
2023-09-15,1923.699951
2023-09-18,1931.500000
2023-09-19,1932.000000
2023-09-20,1945.599976
2023-09-21,1919.199951
2023-09-22,1925.400024
2023-09-25,1916.599976
2023-09-26,1900.400024
2023-09-27,1871.599976
2023-09-28,1860.400024
2023-09-29,1848.099976
2023-10-02,1830.000000
2023-10-03,1824.599976
2023-10-04,1818.500000
2023-10-05,1816.599976
2023-10-06,1830.199951
2023-10-09,1849.500000
2023-10-10,1861.000000
2023-10-11,1872.800049
2023-10-12,1869.300049
2023-10-13,1927.400024
2023-10-16,1921.099976
2023-10-17,1922.699951
2023-10-18,1955.300049
2023-10-19,1968.400024
2023-10-20,1982.500000
2023-10-23,1976.300049
2023-10-24,1975.000000
2023-10-25,1984.099976
2023-10-26,1987.199951
2023-10-27,1988.599976
2023-10-30,1996.199951
2023-10-31,1985.199951
2023-11-01,1978.800049
2023-11-02,1985.599976
2023-11-03,1991.500000
2023-11-06,1981.599976
2023-11-07,1966.800049
2023-11-08,1951.500000
2023-11-09,1964.199951
2023-11-10,1932.599976
2023-11-13,1945.500000
2023-11-14,1961.800049
2023-11-15,1960.099976
2023-11-16,1983.900024
2023-11-17,1981.599976
2023-11-20,1977.699951
2023-11-21,1999.300049
2023-11-22,1991.400024
2023-11-24,2002.199951
2023-11-27,2011.800049
2023-11-28,2039.699951
2023-11-29,2047.099976
2023-11-30,2038.099976
2023-12-01,2071.000000
2023-12-04,2024.099976
2023-12-05,2018.500000
2023-12-06,2030.500000
2023-12-07,2029.900024
2023-12-08,1998.300049
2023-12-11,1978.000000
2023-12-12,1977.800049
2023-12-13,1982.300049
2023-12-14,2030.199951
2023-12-15,2021.099976
2023-12-18,2026.300049
2023-12-19,2038.400024
2023-12-20,2034.500000
2023-12-21,2039.099976
2023-12-22,2057.100098
2023-12-26,2058.199951
2023-12-27,2081.899902
2023-12-28,2073.899902
2023-12-29,2062.399902
2024-01-02,2064.399902
2024-01-03,2034.199951
2024-01-04,2042.300049
2024-01-05,2042.400024
2024-01-08,2026.599976
2024-01-09,2026.400024
2024-01-10,2021.699951
2024-01-11,2014.300049
2024-01-12,2046.699951
2024-01-16,2026.000000
2024-01-17,2002.599976
2024-01-18,2018.599976
2024-01-19,2026.500000
2024-01-22,2019.800049
2024-01-23,2023.699951
2024-01-24,2013.900024
2024-01-25,2016.900024
2024-01-26,2016.800049
2024-01-29,2025.199951
2024-01-30,2031.500000
2024-01-31,2048.399902
2024-02-01,2053.000000
2024-02-02,2036.099976
2024-02-05,2025.699951
2024-02-06,2034.500000
2024-02-07,2035.199951
2024-02-08,2032.199951
2024-02-09,2023.300049
2024-02-12,2018.199951
2024-02-13,1992.900024
2024-02-14,1990.300049
2024-02-15,2002.099976
2024-02-16,2011.500000
2024-02-20,2027.500000
2024-02-21,2022.300049
2024-02-22,2019.699951
2024-02-23,2038.599976
2024-02-26,2028.500000
2024-02-27,2034.000000
2024-02-28,2033.000000
2024-02-29,2045.699951
2024-03-01,2086.899902
2024-03-04,2117.699951
2024-03-05,2133.500000
2024-03-06,2150.300049
2024-03-07,2158.000000
2024-03-08,2178.600098
2024-03-11,2182.500000
2024-03-12,2160.399902
2024-03-13,2175.399902
2024-03-14,2163.000000
2024-03-15,2157.300049
2024-03-18,2160.699951
2024-03-19,2156.300049
2024-03-20,2157.899902
2024-03-21,2182.399902
2024-03-22,2158.100098
2024-03-25,2174.800049
2024-03-26,2175.600098
2024-03-27,2190.600098
2024-03-28,2217.399902
2024-04-01,2236.500000
2024-04-02,2261.000000
2024-04-03,2294.399902
2024-04-04,2288.800049
2024-04-05,2325.699951
2024-04-08,2331.699951
2024-04-09,2343.500000
2024-04-10,2329.600098
2024-04-11,2354.800049
2024-04-12,2356.199951
2024-04-15,2365.800049
2024-04-16,2390.800049
2024-04-17,2371.699951
2024-04-18,2382.300049
2024-04-19,2398.399902
2024-04-22,2332.199951
2024-04-23,2327.699951
2024-04-24,2324.500000
2024-04-25,2329.800049
2024-04-26,2334.800049
2024-04-29,2345.399902
2024-04-30,2291.399902
2024-05-01,2299.899902
2024-05-02,2299.199951
2024-05-03,2299.000000
2024-05-06,2321.600098
2024-05-07,2315.199951
2024-05-08,2313.600098
2024-05-09,2332.100098
2024-05-10,2367.300049
2024-05-13,2336.100098
2024-05-14,2353.399902
2024-05-15,2388.699951
2024-05-16,2380.000000
2024-05-17,2412.199951
2024-05-20,2433.899902
2024-05-21,2421.699951
2024-05-22,2389.199951
2024-05-23,2335.000000
2024-05-24,2332.500000
2024-05-28,2355.199951
2024-05-29,2340.300049
2024-05-30,2342.899902
2024-05-31,2322.899902
2024-06-03,2346.600098
2024-06-04,2325.500000
2024-06-05,2354.100098
2024-06-06,2370.300049
2024-06-07,2305.199951
2024-06-10,2307.699951
2024-06-11,2307.500000
2024-06-12,2336.000000
2024-06-13,2300.199951
2024-06-14,2331.399902
2024-06-17,2312.399902
2024-06-18,2330.399902
2024-06-20,2353.800049
2024-06-21,2316.399902
2024-06-24,2330.000000
2024-06-25,2316.600098
2024-06-26,2299.199951
2024-06-27,2324.500000
2024-06-28,2327.699951
2024-07-01,2327.600098
2024-07-02,2323.000000
2024-07-03,2359.800049
2024-07-05,2388.500000
2024-07-08,2355.199951
2024-07-09,2360.100098
2024-07-10,2372.199951
2024-07-11,2415.000000
2024-07-12,2414.000000
2024-07-15,2422.899902
2024-07-16,2462.399902
2024-07-17,2454.800049
2024-07-18,2451.800049
2024-07-19,2395.500000
2024-07-22,2392.000000
2024-07-23,2404.600098
2024-07-24,2413.300049
2024-07-25,2351.899902
2024-07-26,2380.000000
2024-07-29,2377.300049
2024-07-30,2405.000000
2024-07-31,2426.500000
2024-08-01,2435.000000
2024-08-02,2425.699951
2024-08-05,2401.699951
2024-08-06,2389.100098
2024-08-07,2390.500000
2024-08-08,2422.199951
2024-08-09,2432.100098
2024-08-12,2462.399902
2024-08-13,2466.699951
2024-08-14,2439.399902
2024-08-15,2453.100098
2024-08-16,2498.600098
2024-08-19,2501.800049
2024-08-20,2511.300049
2024-08-21,2508.399902
2024-08-22,2478.899902
2024-08-23,2508.399902
2024-08-26,2517.699951
2024-08-27,2516.000000
2024-08-28,2501.000000
2024-08-29,2525.699951
2024-08-30,2493.800049
2024-09-03,2489.899902
2024-09-04,2493.399902
2024-09-05,2511.399902
2024-09-06,2493.500000
2024-09-09,2501.800049
2024-09-10,2512.300049
2024-09-11,2512.100098
2024-09-12,2551.199951
2024-09-13,2581.300049
2024-09-16,2580.399902
2024-09-17,2564.300049
2024-09-18,2570.699951
2024-09-19,2588.000000
2024-09-20,2619.899902
2024-09-23,2626.500000
2024-09-24,2651.199951
2024-09-25,2659.199951
2024-09-26,2669.899902
2024-09-27,2644.300049
2024-09-30,2636.100098
2024-10-01,2667.300049
2024-10-02,2647.100098
2024-10-03,2657.100098
2024-10-04,2645.800049
2024-10-07,2644.800049
2024-10-08,2615.000000
2024-10-09,2606.000000
2024-10-10,2620.600098
2024-10-11,2657.600098
2024-10-14,2647.800049
2024-10-15,2661.399902
2024-10-16,2674.000000
2024-10-17,2691.000000
2024-10-18,2713.699951
2024-10-21,2723.100098
2024-10-22,2744.199951
2024-10-23,2714.399902
2024-10-24,2734.899902
2024-10-25,2740.899902
2024-10-28,2742.899902
2024-10-29,2768.399902
2024-10-30,2788.500000
2024-10-31,2738.300049
2024-11-01,2738.600098
2024-11-04,2736.100098
2024-11-05,2740.300049
2024-11-06,2667.600098
2024-11-07,2698.399902
2024-11-08,2687.500000
2024-11-11,2611.199951
2024-11-12,2600.000000
2024-11-13,2580.800049
2024-11-14,2568.199951
2024-11-15,2565.699951
2024-11-18,2610.600098
2024-11-19,2627.100098
2024-11-20,2648.199951
2024-11-21,2672.100098
2024-11-22,2709.899902
2024-11-25,2616.800049
2024-11-26,2620.300049
2024-11-27,2639.899902
2024-11-29,2657.000000
2024-12-02,2634.899902
2024-12-03,2644.699951
2024-12-04,2653.800049
2024-12-05,2626.600098
2024-12-06,2638.600098
2024-12-09,2664.899902
2024-12-10,2697.600098
2024-12-11,2733.800049
2024-12-12,2687.500000
2024-12-13,2656.000000
2024-12-16,2651.399902
2024-12-17,2644.399902
2024-12-18,2636.500000
2024-12-19,2592.199951
2024-12-20,2628.699951
2024-12-23,2612.300049
2024-12-24,2620.000000
2024-12-26,2638.800049
2024-12-27,2617.199951
2024-12-30,2606.100098
2024-12-31,2629.199951
2025-01-02,2658.899902
2025-01-03,2645.000000
2025-01-06,2638.399902
2025-01-07,2656.699951
2025-01-08,2664.500000
2025-01-09,2683.800049
2025-01-10,2708.500000
2025-01-13,2673.500000
2025-01-14,2677.500000
2025-01-15,2712.500000
2025-01-16,2746.399902
2025-01-17,2744.300049
2025-01-21,2755.000000
2025-01-22,2767.600098
2025-01-23,2763.100098
2025-01-24,2777.300049
2025-01-27,2737.500000
2025-01-28,2766.800049
2025-01-29,2769.100098
2025-01-30,2823.000000
2025-01-31,2812.500000
2025-02-03,2833.899902
2025-02-04,2853.300049
2025-02-05,2871.600098
2025-02-06,2856.000000
2025-02-07,2867.300049
2025-02-10,2914.300049
2025-02-11,2912.500000
2025-02-12,2909.000000
2025-02-13,2925.899902
2025-02-14,2883.600098
2025-02-18,2931.600098
2025-02-19,2919.399902
2025-02-20,2940.000000
2025-02-21,2937.600098
2025-02-24,2947.899902
2025-02-25,2904.500000
2025-02-26,2916.800049
2025-02-27,2883.199951
2025-02-28,2836.800049
2025-03-03,2890.199951
2025-03-04,2909.600098
2025-03-05,2915.300049
2025-03-06,2916.600098
2025-03-07,2904.699951
2025-03-10,2891.000000
2025-03-11,2912.899902
2025-03-12,2939.100098
2025-03-13,2984.300049
2025-03-14,2994.500000
2025-03-17,3000.000000
2025-03-18,3035.100098
2025-03-19,3035.899902
2025-03-20,3040.000000
2025-03-21,3018.199951
2025-03-24,3013.100098
2025-03-25,3023.699951
2025-03-26,3020.899902
2025-03-27,3060.199951
2025-03-28,3086.500000
2025-03-31,3122.800049
2025-04-01,3118.899902
2025-04-02,3139.899902
2025-04-03,3097.000000
2025-04-04,3012.000000
2025-04-07,2951.300049
2025-04-08,2968.399902
2025-04-09,3056.500000
2025-04-10,3155.199951
2025-04-11,3222.199951
2025-04-14,3204.800049
2025-04-15,3218.699951
2025-04-16,3326.600098
2025-04-17,3308.699951
2025-04-21,3406.199951
2025-04-22,3400.800049
2025-04-23,3276.300049
2025-04-24,3332.000000
2025-04-25,3282.399902
2025-04-28,3332.500000
2025-04-29,3318.800049
2025-04-30,3305.000000
2025-05-01,3210.000000
2025-05-02,3231.899902
2025-05-05,3311.300049
2025-05-06,3411.399902
2025-05-07,3381.399902
2025-05-08,3296.600098
2025-05-09,3335.399902
2025-05-12,3220.000000
2025-05-13,3240.300049
2025-05-14,3181.399902
2025-05-15,3220.699951
2025-05-16,3182.000000
2025-05-19,3228.899902
2025-05-20,3280.300049
2025-05-21,3309.300049
2025-05-22,3292.300049
2025-05-23,3363.600098
2025-05-27,3299.100098
2025-05-28,3293.600098
2025-05-29,3317.100098
2025-05-30,3288.899902
2025-06-02,3370.600098
2025-06-03,3350.199951
2025-06-04,3373.500000
2025-06-05,3350.699951
2025-06-06,3322.699951
2025-06-09,3332.100098
2025-06-10,3320.899902
2025-06-11,3321.300049
2025-06-12,3380.899902
2025-06-13,3431.199951
2025-06-16,3396.399902
2025-06-17,3386.600098
2025-06-18,3389.800049
2025-06-20,3368.100098
2025-06-23,3377.699951
2025-06-24,3317.399902
2025-06-25,3327.100098
2025-06-26,3333.500000
2025-06-27,3273.699951
2025-06-30,3294.399902
2025-07-01,3336.699951
2025-07-02,3348.000000
2025-07-03,3331.600098
2025-07-04,3332.500000
2025-07-07,3332.199951
2025-07-08,3307.000000
2025-07-09,3311.600098
2025-07-10,3317.399902
2025-07-11,3356.000000
2025-07-14,3351.500000
2025-07-15,3329.800049
2025-07-16,3352.500000
2025-07-17,3340.100098
2025-07-18,3353.000000
2025-07-21,3401.899902
2025-07-22,3439.199951
2025-07-23,3394.100098
2025-07-24,3371.000000
2025-07-25,3334.000000
2025-07-28,3309.100098
2025-07-29,3323.399902
2025-07-30,3295.800049
2025-07-31,3293.199951
2025-08-01,3347.699951
2025-08-04,3374.399902
2025-08-05,3381.899902
2025-08-06,3380.000000
2025-08-07,3400.300049
2025-08-08,3439.100098
2025-08-11,3353.100098
2025-08-12,3348.899902
2025-08-13,3358.699951
2025-08-14,3335.199951
2025-08-15,3336.000000
2025-08-18,3331.699951
2025-08-19,3313.399902
2025-08-20,3343.399902
2025-08-21,3336.899902
2025-08-22,3374.399902
2025-08-25,3373.800049
2025-08-26,3388.600098
2025-08-27,3404.600098
2025-08-28,3431.800049
2025-08-29,3473.699951
2025-09-02,3549.399902
2025-09-03,3593.199951
2025-09-04,3565.800049
2025-09-05,3613.199951
2025-09-08,3638.100098
2025-09-09,3643.300049
2025-09-10,3643.600098
2025-09-11,3636.899902
2025-09-12,3649.399902
2025-09-15,3682.199951
2025-09-16,3688.899902
2025-09-17,3681.800049
2025-09-18,3643.699951
2025-09-19,3671.500000
2025-09-22,3740.699951
2025-09-23,3780.600098
2025-09-24,3732.100098
2025-09-25,3736.899902
2025-09-26,3775.300049
2025-09-29,3820.899902
2025-09-30,3840.800049
2025-10-01,3867.500000
2025-10-02,3839.699951
2025-10-03,3880.800049
2025-10-06,3948.500000
2025-10-07,3976.600098
2025-10-08,4043.300049
2025-10-09,3946.300049
2025-10-10,3975.899902
2025-10-13,4108.600098
2025-10-14,4138.700195
2025-10-15,4176.899902
2025-10-16,4280.200195
2025-10-17,4189.899902
2025-10-20,4336.399902
2025-10-21,4087.699951
2025-10-22,4044.399902
2025-10-23,4125.500000
2025-10-24,4118.399902
2025-10-27,4001.899902
2025-10-28,3966.199951
2025-10-29,3983.699951
2025-10-30,4001.300049
2025-10-31,3982.199951
2025-11-03,4000.300049
2025-11-04,3947.699951
2025-11-05,3980.300049
2025-11-06,3979.899902
2025-11-07,3999.399902
2025-11-10,4111.799805
2025-11-11,4106.799805
2025-11-12,4204.399902
2025-11-13,4186.899902
2025-11-14,4087.600098
2025-11-17,4068.300049
2025-11-18,4061.300049
2025-11-19,4077.699951
2025-11-20,4056.500000
2025-11-21,4076.699951
2025-11-24,4091.899902
2025-11-25,4139.200195
2025-11-26,4165.200195
2025-11-28,4218.299805
2025-12-01,4239.299805
2025-12-02,4186.600098
2025-12-03,4199.299805
2025-12-04,4211.799805
2025-12-05,4212.899902
2025-12-08,4187.200195
2025-12-09,4206.700195
2025-12-10,4196.399902
2025-12-11,4285.500000
2025-12-12,4300.100098
2025-12-15,4306.700195
2025-12-16,4304.500000
2025-12-17,4347.500000
2025-12-18,4339.500000
2025-12-19,4361.399902
2025-12-22,4444.600098
2025-12-23,4482.799805
2025-12-24,4480.600098
2025-12-26,4529.100098
2025-12-29,4325.100098
2025-12-30,4370.100098
2025-12-31,4325.600098
2026-01-02,4314.399902
2026-01-05,4436.899902
2026-01-06,4482.200195
2026-01-07,4449.299805
2026-01-08,4449.700195
2026-01-09,4490.299805
2026-01-12,4604.299805
2026-01-13,4589.200195
2026-01-14,4626.299805
2026-01-15,4616.299805
2026-01-16,4588.399902
2026-01-20,4759.600098
2026-01-21,4831.799805
2026-01-22,4908.799805
2026-01-23,4976.200195
2026-01-26,5079.700195
2026-01-27,5079.899902
2026-01-28,5301.600098
2026-01-29,5318.399902
2026-01-30,4713.899902
2026-02-02,4622.500000
2026-02-03,4903.700195
2026-02-04,4920.399902
2026-02-05,4861.399902
2026-02-06,4951.200195
2026-02-09,5050.899902
2026-02-10,5003.799805
2026-02-11,5071.600098
2026-02-12,4923.700195
2026-02-13,5022.000000
2026-02-17,4882.899902
2026-02-18,4986.500000
2026-02-19,4975.899902
2026-02-20,5059.299805
2026-02-23,5204.700195
2026-02-24,5155.799805
2026-02-25,5206.399902
2026-02-26,5176.500000
2026-02-27,5230.500000
2026-03-02,5294.399902
2026-03-03,5107.399902
2026-03-04,5120.200195
2026-03-05,5065.299805
2026-03-06,5146.100098
2026-03-09,5091.500000
2026-03-10,5229.700195
2026-03-11,5167.399902
2026-03-12,5115.799805
2026-03-13,5052.500000
2026-03-16,4994.000000
2026-03-17,5001.000000
2026-03-18,4889.899902
2026-03-19,4600.700195
2026-03-20,4570.399902
2026-03-23,4404.100098
2026-03-24,4399.299805
2026-03-25,4549.799805
2026-03-26,4375.500000
2026-03-27,4492.000000
2026-03-30,4526.000000
2026-03-31,4647.600098
2026-04-01,4783.200195
2026-04-02,4651.500000
2026-04-06,4656.799805
2026-04-07,4657.100098
2026-04-08,4749.500000
2026-04-09,4792.200195
2026-04-10,4761.899902
2026-04-13,4742.399902
2026-04-14,4825.000000
2026-04-15,4800.000000
2026-04-16,4785.399902
2026-04-17,4857.600098
2026-04-20,4806.600098
2026-04-21,4698.399902
2026-04-22,4732.500000
2026-04-23,4705.100098
2026-04-24,4722.299805
2026-04-27,4675.399902
2026-04-28,4591.500000
2026-04-29,4545.200195
2026-04-30,4614.700195
2026-05-01,4629.899902
2026-05-04,4519.500000
2026-05-05,4555.799805
2026-05-06,4681.899902
2026-05-07,4699.799805
2026-05-08,4720.399902
2026-05-11,4718.700195
2026-05-12,4677.600098
2026-05-13,4697.700195
2026-05-14,4678.100098
2026-05-15,4555.799805
2026-05-18,4552.500000
2026-05-19,4506.299805
2026-05-20,4531.299805
2026-05-21,4539.799805
2026-05-22,4521.000000
2026-05-26,4500.399902
2026-05-27,4447.500000
2026-05-28,4499.299805
2026-05-29,4560.500000
2026-06-01,4475.200195
2026-06-02,4489.100098
2026-06-03,4436.700195
2026-06-04,4475.799805
2026-06-05,4337.100098
2026-06-08,4335.899902
2026-06-09,4260.000000
2026-06-10,4108.200195
2026-06-11,4090.300049
2026-06-12,4215.000000
2026-06-15,4328.000000
2026-06-16,4330.899902
2026-06-17,4358.899902
2026-06-18,4224.100098
2026-06-22,4181.899902
2026-06-23,4129.899902
2026-06-24,3990.300049
2026-06-25,4030.500000
2026-06-26,4078.699951
2026-06-29,4022.300049
2026-06-30,4022.899902
2026-07-01,4068.300049
2026-07-02,4112.700195
2026-07-06,4155.100098
2026-07-07,4145.299805
2026-07-08,4070.899902
2026-07-09,4130.600098
2026-07-10,4104.100098
2026-07-13,3997.000000
2026-07-14,4061.100098
2026-07-15,4044.000000
2026-07-16,3985.600098
2026-07-17,4012.699951
2026-07-20,4010.300049
2026-07-21,4071.100098
2026-07-22,4146.899902
2026-07-23,4046.600098
2026-07-24,4067.600098
2026-07-27,4074.500000
2026-07-28,4036.300049
2026-07-29,4034.699951
2026-07-30,4100.100098
2026-07-31,4049.100098
2026-08-03,4033.699951
2026-08-04,4095.399902
2026-08-05,4245.799805
2026-08-06,4242.000000
2026-08-07,4340.700195
2026-08-10,4361.799805
2026-08-11,4383.000000
2026-08-12,4408.899902
2026-08-13,4447.600098
2026-08-14,4398.799805
